url,telephone,name,atype,description,numberOfRooms,floorSize,numberOfBathroomsTotal,numberOfBedrooms,address,imobiliaria
https://www.imovelweb.com.br/propriedades/casa-com-2-dormitorios-a-venda-80-m-jardim-rosa-2999958106.html,55 11970871238,"Casa √† venda com 2 Quartos, Butant√£, S√£o Paulo - R$ 425.000, 125 m2 - ID: 2999958106 - Imovelweb",House,"Vendo casa em terreno de 125m¬≤, √°rea constru√≠da de aproximadamente 80m¬≤, com 2 dormit√≥rios, sala, cozinha e banheiro, 1 vaga de garagem, qu...Butant√£",2,125,2,2,"Rua Professor J√∫lio do Amaral Carvalho 40, S√£o Paulo, S√£o Paulo, Brasil, , Butant√£",CRISTAL CONSULTORIA IMOBILI√ÅRIA
https://www.imovelweb.com.br/propriedades/casa-na-penha-3013516282.html,55 11984223018,"Casa √† venda com 3 Quartos, Penha de Fran√ßa, S√£o Paulo - R$ 430.000, 210 m2 - ID: 3013516282 - Imovelweb",House,"***CONTATO VIA WHATSAPP*** LINDO IM√ìVEL NA PENHA COM 3 QUARTOS , SENDO 1 SUITE, 2 BANHEIROS , SALA, COZINHA, 2 GARAGENS com √≥tima localiz...Penha de Fran√ßa",3,210,2,3,"Rua Major √Çngelo Zanchi, S√£o Paulo, S√£o Paulo, Brasil, , Penha de Fran√ßa",Guimar√£es Im√≥veis
https://www.imovelweb.com.br/propriedades/versatil-casa-tipo-para-venda-com-3-quartos-192.6m-3013699133.html,55 11947122570,"Casa √† venda com 3 Quartos, Horto Florestal, S√£o Paulo - R$ 795.500, 188 m2 - ID: 3013699133 - Imovelweb",House,"remaxmamede#UJIUU - Eleg√¢ncia e conforto em um s√≥ im√≥vel! Aproveite esta oferta √∫nica. - Casa de m de √Årea √ötil, quartos, mais quarto de em...Horto Florestal",3,188,3,3,"Rua Maria Lopes, , , S√£o Paulo, S√£o Paulo, Brasil, , Horto Florestal",RE/MAX MAMEDE
https://www.imovelweb.com.br/propriedades/casa-em-rua-fechada-500m-morumbi-3013290893.html,55 11973300750,"Casa √† venda com 4 Quartos, Fazenda Morumbi, S√£o Paulo - R$ 4.500.000, 546 m2 - ID: 3013290893 - Imovelweb",House,"Excelente resid√™ncia √† venda em rua tranquila, monitorada e com ronda 24 horas, pr√≥xima ao Col√©gio Pio XII e com f√°cil acesso √†s escolas in...Fazenda Morumbi",4,546,4,4,"R Ribeiro Lisboa, S√£o Paulo, S√£o Paulo, Brasil, , Fazenda Morumbi",Siga Im√≥veis Sob Medida
https://www.imovelweb.com.br/propriedades/campo-belo-casa-de-vila-para-venda-com-2-quartos-3010847509.html,55 11978737575,"Casa √† venda com 2 Quartos, Campo Belo, S√£o Paulo - R$ 1.399.000, 100 m2 - ID: 3010847509 - Imovelweb",House,"Descubra o seu ref√∫gio perfeito nesta charmosa Casa de Vila, morando com seguran√ßa de uma casa de condom√≠nio ! Localizada em uma vila com ...Campo Belo",2,100,4,2,"R Vicente Leporace, S√£o Paulo, S√£o Paulo, Brasil, , Campo Belo",Imobili√°ria Home SP Im√≥veis
https://www.imovelweb.com.br/propriedades/sobrado-com-2-dormitorios-a-venda-81-m-por-r$-3012324869.html,55 11988383532,"Casa √† venda com 2 Quartos, Vila Leopoldina, S√£o Paulo - R$ 1.200.000, 100 m2 - ID: 3012324869 - Imovelweb",House,"Sobrado de Vila para venda na Vila Leopoldina com 81m¬≤ Vila localizada em plena Rua Nanuque, rua tranquila, pr√≥xima a todo com√©rcio lo...Vila Leopoldina",2,100,2,2,"Rua Nanuque 177, S√£o Paulo, S√£o Paulo, Brasil, , Vila Leopoldina",N3W IM√ìVEIS - CRECI/SP 25667-J
https://www.imovelweb.com.br/propriedades/casa-a-venda-na-vila-mariana-2974297341.html,55 1155554399,"Casa √† venda com 3 Quartos, Vila Mariana, S√£o Paulo - R$ 1.900.000, 404 m2 - ID: 2974297341 - Imovelweb",House,"Casa na Vila Mariana com 275m¬≤, 3 quartos sendo 2 su√≠tes, todos com arm√°rios embutidos, lavabo, banheiro social, sala para 2 ambientes com ...Vila Mariana",3,404,4,3,"Pero Correia , S√£o Paulo, S√£o Paulo, Brasil, , Vila Mariana",Rizk Imoveis
https://www.imovelweb.com.br/propriedades/casa-a-venda-com-150m-com-3-quartos-e-2-banheiros-3012804688.html,55 11950352116,"Casa √† venda com 3 Quartos, Parque Continental, S√£o Paulo - R$ 850.000, 187 m2 - ID: 3012804688 - Imovelweb",House,"Casa T√©rrea Espa√ßosa no Parque Continental ‚Äì Conforto, Funcionalidade e Localiza√ß√£o Privilegiada Se voc√™ procura um im√≥vel compl...Parque Continental",3,187,2,3,"Rua Alfredo Pinheiro, S√£o Paulo, S√£o Paulo, Brasil, , Parque Continental",MK Prime Imoveis
https://www.imovelweb.com.br/propriedades/casa-de-alto-padrao-no-jardim-sao-bento-4-suites-3011162781.html,55 11962726666,"Casa √† venda com 4 Quartos, Jardim S√£o Bento, S√£o Paulo - R$ 4.000.000, 1057 m2 - ID: 3011162781 - Imovelweb",House,"Casa localizada no prestigiado Jardim S√£o Bento, uma das √°reas mais valorizadas da Zona Norte de S√£o Paulo, esta mans√£o oferece 823 m¬≤ de √°...Jardim S√£o Bento",4,1057,10,4,"R Nursia, 214, S√£o Paulo, S√£o Paulo, Brasil, , Jardim S√£o Bento",CARLOS FERRARI IMOVEIS
https://www.imovelweb.com.br/propriedades/casa-a-venda-com-550m-jardim-paulista-sp.-3013226068.html,55 11993566443,"Casa √† venda com 5 Quartos, Jardim Paulista, S√£o Paulo - R$ 12.999.958, 550 m2 - ID: 3013226068 - Imovelweb",House,"Casa com 550m¬≤, sendo 5 su√≠tes (incluindo a master), 4 vagas de garagem e elevador Montele. Conta com tr√™s andares e um rooftop de 48m¬≤ com...Jardim Paulista",5,550,9,5,"Colatino Marques 42, S√£o Paulo, S√£o Paulo, Brasil, , Jardim Paulista",OLIMPIA HOUSE
https://www.imovelweb.com.br/propriedades/sensacional-casa-tipo-para-venda-com-3-quartos-sendo-3011825713.html,(11) 36,"Casa √† venda com 3 Quartos, Perdizes, S√£o Paulo - R$ 1.070.000, 160 m2 - ID: 3011825713 - Imovelweb",House,"terra#RC5EK - Eleg√¢ncia e conforto em um s√≥ im√≥vel! Aproveite esta oferta √∫nica. - Casa espa√ßosa, bem-localizada a pre√ßo justo. Encontrou o...Perdizes",3,160,3,3,"Rua Bartira, , , S√£o Paulo, S√£o Paulo, Brasil, , Perdizes",REMAX TERRA 2
https://www.imovelweb.com.br/propriedades/casa-a-venda-no-alto-da-boa-vista-2998896384.html,55 1155465000,"Casa √† venda com 4 Quartos, Ch√°cara Monte Alegre, S√£o Paulo - R$ 1.550.000, 600 m2 - ID: 2998896384 - Imovelweb",House,"ACEITO IM√ìVEL DE MENOR VALOR. Casa a venda no Alto da Boa Vista , casa ampla e confort√°vel, 4 dormit√≥rios, 2 suites , sala com lareira, sal...Ch√°cara Monte Alegre",4,600,5,4,"R Jacatir√£o, S√£o Paulo, S√£o Paulo, Brasil, , Ch√°cara Monte Alegre",Scheid Prime
https://www.imovelweb.com.br/propriedades/sobrado-com-3-quartos-a-venda-em-santo-amaro-sp-3011207423.html,55 11943030338,"Casa √† venda com 3 Quartos, Alto da Boa Vista, S√£o Paulo - R$ 1.500.000, 500 m2 - ID: 3011207423 - Imovelweb",House,Este im√≥vel √© uma √≥tima oportunidade de investimento para quem busca um im√≥vel em uma √°rea nobre de S√£o Paulo. Com uma reforma bem planejad...Alto da Boa Vista,3,500,3,3,"Rua Marechal Deodoro, 785, S√£o Paulo, S√£o Paulo, Brasil, , Alto da Boa Vista",LOPES URBAN
https://www.imovelweb.com.br/propriedades/sobrado-espetacular-no-jardim-grimaldi-conforto-3013034858.html,55 11937300081,"Casa √† venda com 3 Quartos, Jardim Grimaldi, S√£o Paulo - R$ 890.000, 200 m2 - ID: 3013034858 - Imovelweb",House,"Se voc√™ busca um lar sofisticado, espa√ßoso e com acabamento impec√°vel, acabou de encontrar! ‚ú® Este sobrado incr√≠vel de 200m¬≤ foi pro...Jardim Grimaldi",3,200,4,3,"R. Ant√¥nio Batista de Oliveira,96, S√£o Paulo, S√£o Paulo, Brasil, , Jardim Grimaldi",RE/MAX AGAP√ä
https://www.imovelweb.com.br/propriedades/casa-a-venda-no-tucuruvi-320-metros-5-quartos-3-2994462727.html,55 11976713668,"Casa √† venda com 5 Quartos, Tucuruvi, S√£o Paulo - R$ 599.000, 320 m2 - ID: 2994462727 - Imovelweb",House,"Casa √† venda no Tucuruvi Localizado na Av. Gustavo Adolfo - Tucuruvi 320 metros, com duas casas e com entradas separadas! Primeira casa 3 q...Tucuruvi",5,320,3,5,"Avenida. Gustavo Adolfo,591, S√£o Paulo, S√£o Paulo, Brasil, , Tucuruvi",RE/MAX Smart
https://www.imovelweb.com.br/propriedades/sobrado-de-140mts-com-2-vagas-de-garagem.-3000414568.html,55 11940205913,"Casa √† venda com 2 Quartos, Vila Mangalot, S√£o Paulo - R$ 560.000, 140 m2 - ID: 3000414568 - Imovelweb",House,"Descubra a Magia da Vila Mangalot em S√£o Paulo! Bem-vindo √† Vila Mangalot, o lugar onde a tradi√ß√£o se encontra com a modernidade em S√£o Pa...Vila Mangalot",2,140,3,2,"R. Joaquim de Matos,140, S√£o Paulo, S√£o Paulo, Brasil, , Vila Mangalot",RE/MAX AGILITY
https://www.imovelweb.com.br/propriedades/sobrado-com-3-quartos-e-3-banheiros-a-venda-alto-do-3013278569.html,55 19999530010,"Casa √† venda com 3 Quartos, Alto do Ipiranga, S√£o Paulo - R$ 400.000, 175 m2 - ID: 3013278569 - Imovelweb",House,"Sobrado com sala de estar, sala de jantar, escrit√≥rio, cozinha com arm√°rio embutido, 3 dormit√≥rios sendo su√≠tes com sacada, 3 banheiros com...Alto do Ipiranga",3,175,3,3,"Pra√ßa Pinheiro da Cunha, S√£o Paulo, S√£o Paulo, Brasil, , Alto do Ipiranga",
https://www.imovelweb.com.br/propriedades/casa-a-venda-vila-nova-curuca-sao-paulo-sp-3013734773.html,55 11992654284,"Casa √† venda com 3 Quartos, Vila Nova Curu√ß√°, S√£o Paulo - R$ 755.000, 300 m2 - ID: 3013734773 - Imovelweb",House,"Casa ampla e bem localizada √† venda na Vila Nova Curu√ß√°, S√£o Paulo. Essa propriedade possui uma √°rea √∫til de 300 m¬≤ e foi constru√≠da h√° 35 ...Vila Nova Curu√ß√°",3,300,2,3,"Rua Gerv√°sio Alves Pereira 558, S√£o Paulo, S√£o Paulo, Brasil, , Vila Nova Curu√ß√°",PARCEIRO IMOVEIS
https://www.imovelweb.com.br/propriedades/casa-a-venda-200-m-por-r$-1.700.000-00-vila-2938198670.html,55 11947568523,"Casa √† venda com 2 Quartos, Vila Prudente, S√£o Paulo - R$ 1.700.000, 200 m2 - ID: 2938198670 - Imovelweb",House,"Linda casa com 200m¬≤ com 2 dormit√≥rios sendo 1 su√≠te e 4 vagas de garagem. Completa para morar! √ìtima localiza√ß√£o, ...Vila Prudente",2,200,2,2,"Rua Francisco Polito 115, S√£o Paulo, S√£o Paulo, Brasil, , Vila Prudente",BEG IMOVEIS
https://www.imovelweb.com.br/propriedades/casa-de-condominio-em-rua-osorio-franco-vilhena-3009941345.html,(11) 45,"Casa √† venda com 2 Quartos, Vila Nova Curu√ß√°, S√£o Paulo - R$ 239.060, 55 m2 - ID: 3009941345 - Imovelweb",House,Casa de condom√≠nio no Osorio a venda em Rua Os√≥rio Franco Vilhena - Vila Nova Curu√ß√° - S√£o Paulo/SP Casa em Condom√≠nio para Venda no bairr...Vila Nova Curu√ß√°,2,55,1,2,"Rua Os√≥rio Franco Vilhena, 834, S√£o Paulo, S√£o Paulo, Brasil, , Vila Nova Curu√ß√°",Newcore
https://www.imovelweb.com.br/propriedades/casa-na-mooca-rua-paulo-de-moraes-barros-90-2-2985306634.html,55 1126923300,"Casa √† venda com 2 Quartos, Mooca, S√£o Paulo - R$ 720.001, 150 m2 - ID: 2985306634 - Imovelweb",House,"CASA RUA PAULO DE MORAES BARROS, 90 MOOCA 150 M¬≤ 2 VAGAS 1 SUITES VARANDA GOURM...Mooca",2,150,3,2,"Rua Paulo de Morais Barros 90, S√£o Paulo, S√£o Paulo, Brasil, , Mooca",Allegranci Im√≥veis
https://www.imovelweb.com.br/propriedades/sobrado-2-dormitorios-2-vagas-reformado-proximo-de-3001296845.html,55 11953271557,"Casa √† venda com 2 Quartos, Planalto Paulista, S√£o Paulo - R$ 800.000, 143 m2 - ID: 3001296845 - Imovelweb",House,"Sobrado encantador √† venda no Planalto Paulista, um bairro nobre e extremamente centralizado em S√£o Paulo. Com f√°cil acesso a v√°rios destin...Planalto Paulista",2,143,2,2,"Rua Campina da Taborda,156, S√£o Paulo, S√£o Paulo, Brasil, , Planalto Paulista",RE/MAX EMPIRE
https://www.imovelweb.com.br/propriedades/sobrado-com-3-quartos-sendo-1-suite-vila-alpina-sp-2994305425.html,55 11986349218,"Casa √† venda com 3 Quartos, Vila Alpina, S√£o Paulo - R$ 388.000, 120 m2 - ID: 2994305425 - Imovelweb",House,"Simula√ß√£o de entrada m√©dia de 44.000,00 mais parcelas. Falar com Emerson (11)98634-9218 Lindo sobrado com um pre√ßo imbat√≠vel. Possu√≠ pis...Vila Alpina",3,120,2,3,"Rua Gaspar Barreto, S√£o Paulo, S√£o Paulo, Brasil, , Vila Alpina",
https://www.imovelweb.com.br/propriedades/agradavel-sobrado-para-venda-com-3-quartos-210m-3013346308.html,55 11999731033,"Casa √† venda com 3 Quartos, Campo Belo, S√£o Paulo - R$ 1.099.500, 210 m2 - ID: 3013346308 - Imovelweb",House,"- Bel√≠ssimo Sobrado √† Venda no Campo Belo! Se voc√™ procura conforto, praticidade e localiza√ß√£o estrat√©gica, este im√≥vel √© para voc√™! Locali...Campo Belo",3,210,3,3,"Rua Ai-Pixuna, 68, , S√£o Paulo, S√£o Paulo, Brasil, , Campo Belo",KEY IMOV J 33564
https://www.imovelweb.com.br/propriedades/casa-em-condominio-214-m-3-dormitorios-2-suites-3-3011005375.html,55 11983205348,"Casa √† venda com 4 Quartos, Jardim Amplia√ß√£o, S√£o Paulo - R$ 980.000, 214 m2 - ID: 3011005375 - Imovelweb",House,"Casa em Condom√≠nio 214 M¬≤ - Casa com tr√™s pavimentos conta com tr√™s dormit√≥rios com arm√°rios embutidos, dois deles su√≠tes (uma situada no t...Jardim Amplia√ß√£o",4,214,4,4,"Rua do S√≠mbolo, 207, S√£o Paulo, S√£o Paulo, Brasil, , Jardim Amplia√ß√£o",SALCEDO Consultor Imobili√°rio
https://www.imovelweb.com.br/propriedades/oportunidade-sobrado-com-3-dormitorios-e-2-vagas-3007007246.html,55 11912999883,"Casa √† venda com 3 Quartos, Jardim Peri Peri, S√£o Paulo - R$ 540.000, 151 m2 - ID: 3007007246 - Imovelweb",House,Excelente Sobrado com 3 Dormit√≥rios e 2 Vagas ‚Äì Pr√≥ximo ao Metr√¥ Vila S√¥nia Oportunidade imperd√≠vel! Este sobrado bem localizado oferece ...Jardim Peri Peri,3,151,3,3,"Rua Hideo Oshima, S√£o Paulo, S√£o Paulo, Brasil, , Jardim Peri Peri",RCD IM√ìVEIS BUTANT√É - CRECI 044545-J
https://www.imovelweb.com.br/propriedades/casa-para-venda-rua-guerino-giovani-leardini-3005307312.html,(11) 42,"Casa √† venda com 3 Quartos, Vila Barreto, S√£o Paulo - R$ 670.000, 300 m2 - ID: 3005307312 - Imovelweb",House,Casa para venda localizada na Rua Guerino Giovani Leardini - Descubra o equil√≠brio perfeito entre conforto e praticidade nesta ...Vila Barreto,3,300,3,3,"Rua Guerino Giovani Leardini, , S√£o Paulo, S√£o Paulo, Brasil, , Vila Barreto",IMOBILIARIA S2BROKERS
https://www.imovelweb.com.br/propriedades/casa-a-venda-em-santo-amaro-2-dorms-1-suite-3013042676.html,55 11998504248,"Casa √† venda com 2 Quartos, Santo Amaro, S√£o Paulo - R$ 380.000, 100 m2 - ID: 3013042676 - Imovelweb",House,"- Confort√°vel casa , em excelente localiza√ß√£o, pr√≥ximo √† toda infraestrutura que o bairro oferece. -02 dormit√≥rios (sendo 01 su√≠te) banhe...Santo Amaro",2,100,2,2,"rua albares lobo, S√£o Paulo, S√£o Paulo, Brasil, , Santo Amaro",
https://www.imovelweb.com.br/propriedades/2-dorms-sendo-1-suite-edicula-125-m-vila-do-2965102150.html,55 11941104893,"Casa √† venda com 2 Quartos, Vila do Encontro, S√£o Paulo - R$ 500.000, 125 m2 - ID: 2965102150 - Imovelweb",House,"Casa de 125 mts de √°rea √∫til, 2 dormit√≥rios sendo 1 su√≠te, sala, cozinha, √°rea de servi√ßo, 1 banheiro social, 2 vagas de garagem com port√£o...Vila do Encontro",2,125,1,2,"Rua Jos√© de Alc√¢ntara 74, S√£o Paulo, S√£o Paulo, Brasil, , Vila do Encontro",CRISTINA BUENO IM√ìVEIS
https://www.imovelweb.com.br/propriedades/sobrado-na-regiao-da-nova-klabin-3013320053.html,55 11961940855,"Casa √† venda com 3 Quartos, Ipiranga, S√£o Paulo - R$ 830.000, 156 m2 - ID: 3013320053 - Imovelweb",House,"Se voc√™ procura conforto, localiza√ß√£o privilegiada e qualidade de vida, esta √© a casa ideal para voc√™! Localizada em uma das regi√µes mais ...Ipiranga",3,156,3,3,"Rua Frei Dur√£o,976, S√£o Paulo, S√£o Paulo, Brasil, , Ipiranga",REMAX FRONT SP
https://www.imovelweb.com.br/propriedades/condominio-hipica-max-garden-3011434884.html,55 11961940855,"Casa √† venda com 4 Quartos, Ch√°cara Santo Ant√¥nio, S√£o Paulo - R$ 6.995.000, 850 m2 - ID: 3011434884 - Imovelweb",House,"Excelente casa em condom√≠nio de alt√≠ssimo padr√£o, rec√©m-constru√≠da, com 850m¬≤ de √°rea constru√≠da. A resid√™ncia possui 4 su√≠tes amplas e bem...Ch√°cara Santo Ant√¥nio",4,850,5,4,"Alameda Calicut,72, S√£o Paulo, S√£o Paulo, Brasil, , Ch√°cara Santo Ant√¥nio",REMAX FRONT SP
https://www.imovelweb.com.br/propriedades/casa-de-condominio-no-alto-da-boa-vista-4-quartos-3012949259.html,11999678800,"Casa √† venda com 4 Quartos, Alto da Boa Vista, S√£o Paulo - R$ 3.500.000, 602 m2 - ID: 3012949259 - Imovelweb",House,"Uma resid√™ncia ampla e confort√°vel, dentro de um condom√≠nio fechado de alto padr√£o, com muito espa√ßo, vegeta√ß√£o, tranquilidade e seguran√ßa....Alto da Boa Vista",4,602,6,4,,ARES NEGOCIOS IMOBILIARIOS LTDA
https://www.imovelweb.com.br/propriedades/sobrado-brooklin-paulista-sao-paulo-2995127710.html,55 11985776226,"Casa √† venda com 3 Quartos, Brooklin Paulista, S√£o Paulo - R$ 530.000, 220 m2 - ID: 2995127710 - Imovelweb",House,"Sobrado com churrasqueira e forno de pizza em √°rea coberta, √°rea bem espa√ßosa com boa ilumina√ß√£o e tamb√©m ilumina√ß√£o de teto e excelente ve...Brooklin Paulista",3,220,4,3,"R. Laplace, S√£o Paulo, S√£o Paulo, Brasil, , Brooklin Paulista",
https://www.imovelweb.com.br/propriedades/grande-sobrado-na-mooca-3000619951.html,55 11910773040,"Casa √† venda com 4 Quartos, Mooca, S√£o Paulo - R$ 3.180.000, 750 m2 - ID: 3000619951 - Imovelweb",House,"√ìtimo sobrado com 450m¬≤ de terreno (750m¬≤ constru√≠dos), contendo 4 dormit√≥rios (1 su√≠te), 3 salas de estar e 5 vagas de garagem (sendo 1 ex...Mooca",4,750,4,4,"R Jos√© L√≥gulo, S√£o Paulo, S√£o Paulo, Brasil, , Mooca",IMOBILI√ÅRIA BALB√ÅS
https://www.imovelweb.com.br/propriedades/casa-terrea-2-dormitorios-vila-leopoldina-3000953936.html,55 11999990938,"Casa √† venda com 2 Quartos, Vila Leopoldina, S√£o Paulo - R$ 1.100.000, 291 m2 - ID: 3000953936 - Imovelweb",House,Casa t√©rrea projetada com total acessibilidade para cadeirantes na Vila Leopoldina! A 5 minutos do Parque Villa Lobos! Pr√≥ximo de transpor...Vila Leopoldina,2,291,2,2,"Rua TEERA , S√£o Paulo, S√£o Paulo, Brasil, , Vila Leopoldina",
https://www.imovelweb.com.br/propriedades/lindo-sobrado-proximo-a-usp-2955728407.html,(11) 47,"Casa √† venda com 3 Quartos, Jardim Rizzo, S√£o Paulo - R$ 750.000, 125 m2 - ID: 2955728407 - Imovelweb",House,"03 su√≠tes e 02 vagas de garagem cobertas Lindo sobrado situado na Rua Francisco Pugliese - Jd, Rizzo - S√£o Paulo, situado pr√≥ximo a USP. ...Jardim Rizzo",3,125,4,3,"Rua Francisco Pugliesse, S√£o Paulo, S√£o Paulo, Brasil, , Jardim Rizzo",Ana Andrea Neg√≥cios Imobili√°rios
https://www.imovelweb.com.br/propriedades/casa-com-3-dormitorios-a-venda-262-m-por-r$-2982772316.html,55 11971419050,"Casa √† venda com 3 Quartos, Parque dos Pr√≠ncipes, S√£o Paulo - R$ 1.375.000, 491 m2 - ID: 2982772316 - Imovelweb",House,"Excelente casa rec√©m-reformada no Parque dos Pr√≠ncipes Casa muito clara e bem iluminada, com acabamentos de qualidade e piso em ...Parque dos Pr√≠ncipes",3,491,5,3,"Rua Leonello Margaritelli 21, S√£o Paulo, S√£o Paulo, Brasil, , Parque dos Pr√≠ncipes",PROINVEST
https://www.imovelweb.com.br/propriedades/casa-de-4-suites-decoradas-com-moveis-novos-no-morumbi-2977515315.html,55 61984893352,"Casa √† venda com 0 , Jardim Morumbi, S√£o Paulo - R$ 9.500.000, 1018 m2 - ID: 2977515315 - Imovelweb",House,Casa de 4 su√≠tes em no Morumbi perto do Hospital Albert Einstein Casa toda decorada com home staging de m√≥veis novos e reais ambientes co...Jardim Morumbi,,1018,8,,"rua osvaldo leite ribeiro, 197, S√£o Paulo, S√£o Paulo, Brasil, , Jardim Morumbi",Rocha
https://www.imovelweb.com.br/propriedades/-casa-moderna-na-vila-guilherme!-3012683508.html,55 11953477337,"Casa √† venda com 4 Quartos, Vila Guilherme, S√£o Paulo - R$ 1.300.000, 221 m2 - ID: 3012683508 - Imovelweb",House,"üè° Sua Nova Casa dos Sonhos na Vila Guilherme pr√≥ximo Joaquina Ramalho, S√£o Paulo! Descubra o equil√≠brio perfeito entre conforto, p...Vila Guilherme",4,221,4,4,"Rua Doze de Setembro,1530, S√£o Paulo, S√£o Paulo, Brasil, , Vila Guilherme",REMAX MEET
https://www.imovelweb.com.br/propriedades/casa-com-2-quartos-a-venda-em-jardim-catanduva-sp-2956322792.html,55 11994038740,"Casa √† venda com 2 Quartos, Campo Limpo, S√£o Paulo - R$ 550.000, 137 m2 - ID: 2956322792 - Imovelweb",House,"Vendo sobrado com dois dormit√≥rios, tendo um terceiro opcional (podendo fazer ateli√™, escrit√≥rio, etc)Sala dois ambientes, cozinha Planeja...Campo Limpo",2,137,2,2,"Rua Eliane Ara√∫jo Neves, 249, S√£o Paulo, S√£o Paulo, Brasil, , Campo Limpo",LOPES CONSULT
https://www.imovelweb.com.br/propriedades/imperdivel-casa-de-vila-a-venda-na-mooca-sao-3013087478.html,55 11974895472,"Casa √† venda com 2 Quartos, Mooca, S√£o Paulo - R$ 450.000, 90 m2 - ID: 3013087478 - Imovelweb",House,"Sobrado de Vila com 2 quartos na Mooca 2 quartos, sendo 1 com varanda sala cozinha lavabo 2 banheiros Despensa quintal 1 vaga Bem localizad...Mooca",2,90,2,2,"Rua da Mooca, , S√£o Paulo, S√£o Paulo, Brasil, , Mooca",
https://www.imovelweb.com.br/propriedades/3-dorms-2-vgs-200-m-vila-fachini-sao-paulo-sp-3000507299.html,55 11941104893,"Casa √† venda com 3 Quartos, Vila Fachini, S√£o Paulo - R$ 550.000, 240 m2 - ID: 3000507299 - Imovelweb",House,"Sobrado de 200 mts de √°rea √∫til, 3 dormit√≥rios, sala, cozinha, √°rea de servi√ßo, 1 banheiro social, 2 vagas de garagem. Im√≥vel co...Vila Fachini",3,240,1,3,"Rua Professor Ara√∫jo Maciel 73, S√£o Paulo, S√£o Paulo, Brasil, , Vila Fachini",
https://www.imovelweb.com.br/propriedades/sobrado-com-3-quartos-a-venda-em-conjunto-habitacional-3003581626.html,55 11953275596,"Casa √† venda com 3 Quartos, Graja√∫, S√£o Paulo - R$ 326.000, 70 m2 - ID: 3003581626 - Imovelweb",House,Este encantador sobrado localizado na regi√£o do Graja√∫ √© uma oportunidade imperd√≠vel para quem busca conforto e praticidade. Com 03 quartos...Graja√∫,3,70,2,3,"Rua Barrinha, 157, S√£o Paulo, S√£o Paulo, Brasil, , Graja√∫",Imobili√°ria Lopes Invest House
https://www.imovelweb.com.br/propriedades/funcional-casa-tipo-para-venda-com-3-quartos-sendo-3-3010131000.html,55 11951536060,"Casa √† venda com 3 Quartos, Cidade Vargas, S√£o Paulo - R$ 895.000, 153 m2 - ID: 3010131000 - Imovelweb",House,"- Encante-se com este lindo sobrado de m, com su√≠tes, na Cidade Vargas, pr√≥ximo ao metr√¥ Jabaquara Se voc√™ busca um lar acolhedor e cheio d...Cidade Vargas",3,153,5,3,"Rua Itaiara, , , S√£o Paulo, S√£o Paulo, Brasil, , Cidade Vargas",Renaldo Moura
https://www.imovelweb.com.br/propriedades/sobrado-com-3-dormitorios-a-venda-140-m-por-r$-3009844519.html,55 11978620000,"Casa √† venda com 3 Quartos, Vila Leopoldina, S√£o Paulo - R$ 1.280.000, 160 m2 - ID: 3009844519 - Imovelweb",House,"Exelente sobrado na leopoldina proximo a todo comercio,estacao,conducao, com ar codicionado,3 dormitorios escritorio, 3 wc,sala ampla copa...Vila Leopoldina",3,160,3,3,"Rua Hayden , S√£o Paulo, S√£o Paulo, Brasil, , Vila Leopoldina",
https://www.imovelweb.com.br/propriedades/casa-a-venda-alto-de-pinheiros-4-quartos-4-suites-e-6-2985995279.html,55 11951162558,"Casa para aluguel com 4 Quartos, Alto de Pinheiros, S√£o Paulo - R$ 45.000, 581 m2 - ID: 2985995279 - Imovelweb",House,"Casa a venda no Alto de Pinheiros, uma das melhores ruas do bairro, 4 Su√≠tes, 6 Vagas de garagem. Localiza√ß√£o espetacular, h√° 5 min do Pa...Alto de Pinheiros",4,581,5,4,"Rua Alberto Faria, S√£o Paulo, S√£o Paulo, Brasil, , Alto de Pinheiros",
https://www.imovelweb.com.br/propriedades/sobrado-residencial-a-venda-butanta-sao-paulo-.-3002266169.html,55 11970871238,"Casa √† venda com 3 Quartos, Jardim Ester, S√£o Paulo - R$ 890.000, 250 m2 - ID: 3002266169 - Imovelweb",House,"Sobrado de 250 m¬≤ distribu√≠dos em 3 dormit√≥rios, sendo 1 su√≠te com closet, 2 banheiros, lavabo, ampla sala para 2 ambientes, escrit√≥rio, co...Jardim Ester",3,250,2,3,"Rua In√°cio Manuel √Ålvares 854, S√£o Paulo, S√£o Paulo, Brasil, , Jardim Ester",
https://www.imovelweb.com.br/propriedades/casa-de-alto-padrao-no-morumbi-com-754m-muito-bem-3013710791.html,55 11971510813,"Casa √† venda com 4 Quartos, Morumbi, S√£o Paulo - R$ 8.000.000, 754 m2 - ID: 3013710791 - Imovelweb",House,"COD. 57073 Localiza√ß√£o Exclusiva: Rua Jo√£o Di Pietro, Morumbi, S√£o Paulo Caracter√≠sticas do Im√≥vel: - 754 m¬≤ de √°rea privativa - 4 su√≠te...Morumbi",4,754,2,4,"R Jo√£o Di Pietro, 145, S√£o Paulo, S√£o Paulo, Brasil, , Morumbi",
https://www.imovelweb.com.br/propriedades/casa-com-4-dormitorios-a-venda-360-m-por-r$-3002566788.html,55 11988126180,"Casa √† venda com 4 Quartos, Real Parque, S√£o Paulo - R$ 5.200.000, 360 m2 - ID: 3002566788 - Imovelweb",House,"OPORTUNIDADE! - Cond. Vila America - Magnifica casa em condominio fechado com seguranca 24h, proximo da escola Avenues e Shopping Cidade Ja...Real Parque",4,360,5,4,"Rua Doutor Alberto Lyra 345, S√£o Paulo, S√£o Paulo, Brasil, , Real Parque",FIFTY NEGOCIOS IMOBILIARIOS
https://www.imovelweb.com.br/propriedades/funcional-casa-tipo-para-venda-com-3-quartos-sendo-1-3011825713.html,(11) 36,"Casa √† venda com 3 Quartos, Perdizes, S√£o Paulo - R$ 1.070.000, 160 m2 - ID: 3011825713 - Imovelweb",House,"terra#RC5EK - Eleg√¢ncia e conforto em um s√≥ im√≥vel! Aproveite esta oferta √∫nica. - Casa espa√ßosa, bem-localizada a pre√ßo justo. Encontrou o...Perdizes",3,160,3,3,"Rua Bartira, , , S√£o Paulo, S√£o Paulo, Brasil, , Perdizes",REMAX TERRA 2
https://www.imovelweb.com.br/propriedades/atraente-sobrado-para-venda-com-3-quartos-119m-3012155794.html,55 11976625573,"Casa √† venda com 3 Quartos, Jardim Vista Linda, S√£o Paulo - R$ 830.000, 119 m2 - ID: 3012155794 - Imovelweb",House,verti#SVA3K - Perfeito para morar bem! Ambientes amplos e bem distribu√≠dos. - Sobrado Amplo com Dormit√≥rios e √Årea de Lazer ‚Äì Jardim Vista ...Jardim Vista Linda,3,119,2,3,"Rua Erva Cidreira, , , S√£o Paulo, S√£o Paulo, Brasil, , Jardim Vista Linda",RE/MAX VERTI
https://www.imovelweb.com.br/propriedades/terrara-casa-th-duplex-frente-88m-r$-879.000-00-2939033575.html,55 11954026185,"Casa √† venda com 3 Quartos, Interlagos, S√£o Paulo - R$ 879.000, 88 m2 - ID: 2939033575 - Imovelweb",House,"A casa possui 3 dormit√≥rios, sendo 1 su√≠te, cozinha, lavanderia, sala dois ambientes, lavabo e 2 vagas de garagem. M√≥veis planejados em t...Interlagos",3,88,3,3,"Rua Miguel Yunes, 500, S√£o Paulo, S√£o Paulo, Brasil, , Interlagos",ROSSONI IM√ìVEIS
https://www.imovelweb.com.br/propriedades/casa-a-venda-no-horto-do-ype-2999787583.html,55 11940306695,"Casa √† venda com 4 Quartos, Parque Munhoz, S√£o Paulo - R$ 1.640.000, 400 m2 - ID: 2999787583 - Imovelweb",House,"VENDO EXCELENTE SOBRADO EM CONDOM√çNIO FECHADO, 320m¬≤ A.C., TERRENO DE 400m¬≤, 04 DORMIT√ìRIOS (01 SUITE), TODOS COM ARM√ÅRIOS, 04 SALAS, 04 BA...Parque Munhoz",4,400,4,4,"Rua Edmundo Amaral Valente, , S√£o Paulo, S√£o Paulo, Brasil, , Parque Munhoz",
https://www.imovelweb.com.br/propriedades/sobrado-em-rua-ribeirao-claro-vila-olimpia-sao-2963017185.html,(11) 45,"Casa √† venda com 3 Quartos, Vila Ol√≠mpia, S√£o Paulo - R$ 3.899.800, 250 m2 - ID: 2963017185 - Imovelweb",House,Sobrado em Rua Ribeir√£o Claro - Vila Ol√≠mpia - S√£o Paulo/SP Oportunidade de sobrado na √°rea comercial mais importante da Vila Ol√≠mpia. S√£o...Vila Ol√≠mpia,3,250,2,3,"Rua Ribeir√£o Claro, 129, S√£o Paulo, S√£o Paulo, Brasil, , Vila Ol√≠mpia",Newcore
https://www.imovelweb.com.br/propriedades/casa-com-4-suitess-a-venda-424-m-por-r$-13.750.000-3005685579.html,1196489,"Casa √† venda com 4 Quartos, Jardim Europa, S√£o Paulo - R$ 13.750.000, 424 m2 - ID: 3005685579 - Imovelweb",House,"Pronto para morar ! Condom√≠nio com 12 casas no melhor do Jardim Europa, casas de 419 a 820 m2, todas as casas com piscina e elevador privat...Jardim Europa",4,424,6,4,"Rua Campo Verde 8, S√£o Paulo, S√£o Paulo, Brasil, , Jardim Europa",Clicar Im√≥veis
https://www.imovelweb.com.br/propriedades/casa-de-condominio-a-venda-com-550m-chacara-santo-3013809606.html,55 11993566443,"Casa √† venda com 4 Quartos, Ch√°cara Santo Ant√¥nio, S√£o Paulo - R$ 4.499.808, 550 m2 - ID: 3013809606 - Imovelweb",House,"Excelente oportunidade! Casa com 533m¬≤, 4 su√≠tes e 5 vagas. O im√≥vel possui sala para 2 ambientes, arm√°rio embutido, √°rea de servi√ßo, wc pa...Ch√°cara Santo Ant√¥nio",4,550,4,4,"Job Lane 590, S√£o Paulo, S√£o Paulo, Brasil, , Ch√°cara Santo Ant√¥nio",OLIMPIA HOUSE
https://www.imovelweb.com.br/propriedades/sobrado-com-4-dormitorios-a-venda-218-m-por-r$-2957248774.html,55 11947568523,"Casa √† venda com 4 Quartos, Vila Am√©lia, S√£o Paulo - R$ 800.000, 218 m2 - ID: 2957248774 - Imovelweb",House,"Conjunto com 3 casas, sendo 1 sobrado, primeira casa 4 quartos, 2 banheiros, sala, cozinha, lavanderia e garagem para 2 carros. Segunda cas...Vila Am√©lia",4,218,3,4,"Rua Andrin√≥polis 34, S√£o Paulo, S√£o Paulo, Brasil, , Vila Am√©lia",BEG IMOVEIS
https://www.imovelweb.com.br/propriedades/granja-julieta-casa-suntuosa-2963638712.html,55 11950309207,"Casa √† venda com 4 Quartos, Granja Julieta, S√£o Paulo - R$ 4.200.000, 495 m2 - ID: 2963638712 - Imovelweb",House,"Hall de entrada com p√© direito duplo, living para 04 ambientes, sala de jantar, sala de almo√ßo, cozinha, todos os ambientes amplos e bem il...Granja Julieta",4,495,5,4,"R Dona Eponina Afonseca, 634, S√£o Paulo, S√£o Paulo, Brasil, , Granja Julieta",ADRIANO SILVA IM√ìVEIS
https://www.imovelweb.com.br/propriedades/casa-a-venda-ou-locacao-2-quartos-5-vagas-a-200-3012969551.html,55 11932097227,"Casa √† venda com 2 Quartos, Cidade L√≠der, S√£o Paulo - R$ 550.000, 125 m2 - ID: 3012969551 - Imovelweb",House,"Excelente oportunidade de loca√ß√£o no bairro Cidade L√≠der, em S√£o Paulo! Este sobrado de 100 m¬≤ oferece conforto e praticidade, ideal para q...Cidade L√≠der",2,125,2,2,"Rua Francisco Jorge da Silva 657, S√£o Paulo, S√£o Paulo, Brasil, , Cidade L√≠der",LABELE IMOVEIS
https://www.imovelweb.com.br/propriedades/sobrado-com-4-dormitorios-a-venda-550-m-por-r$-3007028664.html,(11) 42,"Casa √† venda com 5 Quartos, City Am√©rica, S√£o Paulo - R$ 2.300.000, 545 m2 - ID: 3007028664 - Imovelweb",House,"Casa √† venda no bairro City Am√©rica.Com 545 m¬≤ A planta bem distribu√≠da, salas com p√© direito alto, lareira e varanda, al√©m da sala de jant...City Am√©rica",5,545,6,5,"Rua Jos√© Rebou√ßas De Carvalho, , S√£o Paulo, S√£o Paulo, Brasil, , City Am√©rica",Lopes MBI
https://www.imovelweb.com.br/propriedades/casa-terrea-com-3-quartos-a-venda-em-jardim-marajoara-3011206002.html,55 11943030338,"Casa √† venda com 3 Quartos, Jardim Marajoara, S√£o Paulo - R$ 1.700.000, 513 m2 - ID: 3011206002 - Imovelweb",House,"Casa com 3 quartos, t√©rrea e plana. Jardim na frente e corredor lateral largo com garagem nos fundos para 3 carros e ainda podendo acomoda...Jardim Marajoara",3,513,4,3,"Avenida Manoel Dos Reis Ara√∫jo, 1154, S√£o Paulo, S√£o Paulo, Brasil, , Jardim Marajoara",LOPES URBAN
https://www.imovelweb.com.br/propriedades/incrivel-casa-de-160m-com-4-dorms-a-venda-na-vila-3007641172.html,55 11978737575,"Casa √† venda com 4 Quartos, Vila Mariana, S√£o Paulo - R$ 1.460.000, 160 m2 - ID: 3007641172 - Imovelweb",House,"Descubra o lar dos sonhos no cora√ß√£o da Vila Mariana! Esta incr√≠vel casa de 160m¬≤ oferece um espa√ßo amplo e confort√°vel, com 4 dormit√≥rio...Vila Mariana",4,160,5,4,"R Jo√£o Lopes, S√£o Paulo, S√£o Paulo, Brasil, , Vila Mariana",Imobili√°ria Home SP Im√≥veis
https://www.imovelweb.com.br/propriedades/butanta-sobrado-com-3-dormitorios-a-venda-136-m-por-3011566462.html,55 11941574145,"Casa √† venda com 3 Quartos, Butant√£, S√£o Paulo - R$ 750.000, 117 m2 - ID: 3011566462 - Imovelweb",House,"BEL√çSSIMO SOBRADO √Ä VENDA NO CONDOM√çNIO VILLAGIO VICCINO! R$: 750.000 Mil. Este encantador sobrado oferece conforto, praticidade...Butant√£",3,117,2,3,"Rua Bazilio da Silva 141, S√£o Paulo, S√£o Paulo, Brasil, , Butant√£",
https://www.imovelweb.com.br/propriedades/casa-no-alto-da-lapa-city-lapa-sobrado-340-metros.-3007527419.html,55 11932856524,"Casa √† venda com 4 Quartos, Lapa, S√£o Paulo - R$ 2.450.000, 648 m2 - ID: 3007527419 - Imovelweb",House,"Casa no Alto da Lapa / City Lapa, sobrado 340 metros e terreno de 648 metros. Excelente sobrado com terreno de 648 metros, 4 dormit√≥rios se...Lapa",4,648,,4,"Duarte da Costa 1004, S√£o Paulo, S√£o Paulo, Brasil, , Lapa",FRAGATA PRIVATE BROKERS
