page,position,href
1,1,/propriedades/condominio-hipica-max-garden-3011434884.html
1,2,/propriedades/casa-de-condominio-no-alto-da-boa-vista-4-quartos-3012949259.html
1,3,/propriedades/sobrado-brooklin-paulista-sao-paulo-2995127710.html
1,4,/propriedades/grande-sobrado-na-mooca-3000619951.html
1,5,/propriedades/casa-terrea-2-dormitorios-vila-leopoldina-3000953936.html
1,6,/propriedades/lindo-sobrado-proximo-a-usp-2955728407.html
1,7,/propriedades/casa-com-3-dormitorios-a-venda-262-m-por-r$-2982772316.html
1,8,/propriedades/casa-de-4-suites-decoradas-com-moveis-novos-no-morumbi-2977515315.html
1,9,/propriedades/-casa-moderna-na-vila-guilherme!-3012683508.html
1,10,/propriedades/casa-com-2-quartos-a-venda-em-jardim-catanduva-sp-2956322792.html
1,11,/propriedades/imperdivel-casa-de-vila-a-venda-na-mooca-sao-3013087478.html
1,12,/propriedades/3-dorms-2-vgs-200-m-vila-fachini-sao-paulo-sp-3000507299.html
1,13,/propriedades/sobrado-com-3-quartos-a-venda-em-conjunto-habitacional-3003581626.html
1,14,/propriedades/funcional-casa-tipo-para-venda-com-3-quartos-sendo-3-3010131000.html
1,15,/propriedades/sobrado-com-3-dormitorios-a-venda-140-m-por-r$-3009844519.html
1,16,/propriedades/casa-a-venda-alto-de-pinheiros-4-quartos-4-suites-e-6-2985995279.html
1,17,/propriedades/sobrado-residencial-a-venda-butanta-sao-paulo-.-3002266169.html
1,18,/propriedades/casa-de-alto-padrao-no-morumbi-com-754m-muito-bem-3013710791.html
1,19,/propriedades/casa-com-4-dormitorios-a-venda-360-m-por-r$-3002566788.html
1,20,/propriedades/funcional-casa-tipo-para-venda-com-3-quartos-sendo-1-3011825713.html
1,21,/propriedades/atraente-sobrado-para-venda-com-3-quartos-119m-3012155794.html
1,22,/propriedades/terrara-casa-th-duplex-frente-88m-r$-879.000-00-2939033575.html
1,23,/propriedades/casa-a-venda-no-horto-do-ype-2999787583.html
1,24,/propriedades/sobrado-em-rua-ribeirao-claro-vila-olimpia-sao-2963017185.html
1,25,/propriedades/casa-com-4-suitess-a-venda-424-m-por-r$-13.750.000-3005685579.html
1,26,/propriedades/casa-de-condominio-a-venda-com-550m-chacara-santo-3013809606.html
1,27,/propriedades/sobrado-com-4-dormitorios-a-venda-218-m-por-r$-2957248774.html
1,28,/propriedades/granja-julieta-casa-suntuosa-2963638712.html
1,29,/propriedades/casa-a-venda-ou-locacao-2-quartos-5-vagas-a-200-3012969551.html
1,30,/propriedades/sobrado-com-4-dormitorios-a-venda-550-m-por-r$-3007028664.html
2,1,/propriedades/casa-terrea-com-3-quartos-a-venda-em-jardim-marajoara-3011206002.html
2,2,/propriedades/incrivel-casa-de-160m-com-4-dorms-a-venda-na-vila-3007641172.html
2,3,/propriedades/butanta-sobrado-com-3-dormitorios-a-venda-136-m-por-3011566462.html
2,4,/propriedades/casa-no-alto-da-lapa-city-lapa-sobrado-340-metros.-3007527419.html
2,5,/propriedades/imperdivel-oportunidade:-casa-a-venda-em-sao-paulo-sp-3013546512.html
2,6,/propriedades/sobrado-grande-no-jardim-bonfiglioli-a-1-km-do-metro-2952583979.html
2,7,/propriedades/casa-para-venda-composta-3-dormitorios-1-suite-3001529041.html
2,8,/propriedades/casa-terrea-a-venda-em-vila-california-sp-3006550331.html
2,9,/propriedades/sobrado-2-dormitorios-2-vagas-reformado-proximo-de-3001296845.html
2,10,/propriedades/casa-na-vila-medeiros-3013516144.html
2,11,/propriedades/casa-modernista-proximo-da-linha-amarela-do-metro-3007985228.html
2,12,/propriedades/casa-com-3-quartos-c-suite-a-venda-no-butanta.-2998499093.html
2,13,/propriedades/casa-terrea-com-4-dormitorios-e-5-vagas-na-vila-3000209120.html
2,14,/propriedades/espetacular-casa-tipo-para-venda-com-3-quartos-sendo-3013699116.html
2,15,/propriedades/sobrado-para-venda-com-3-quartos-184m-3012123159.html
2,16,/propriedades/casa-a-venda-no-vila-do-encontro-3002420446.html
2,17,/propriedades/deslumbrante-casa-tipo-para-venda-com-5-quartos-260m-3012875018.html
2,18,/propriedades/imperdivel-sobrado-para-venda-com-3-quartos-210m-3013346308.html
2,19,/propriedades/casa-com-5-quartos-a-venda-em-jardim-jacana-sp-2959870563.html
2,20,/propriedades/casa-a-venda-em-santo-amaro-2-dorms-1-suite-3013042676.html
2,21,/propriedades/sobrado-com-3-dormitorios-a-venda-164-m-jardim-3010714615.html
2,22,/propriedades/villaggio-analia-conhec-a-esta-linda-casa-em-3012030551.html
2,23,/propriedades/casa-a-venda-no-morumbi-2971488642.html
2,24,/propriedades/sobrado-vila-dos-remedios-3002937406.html
2,25,/propriedades/deslumbrante-casa-tipo-para-venda-com-6-quartos-210m-3012155803.html
2,26,/propriedades/casa-a-venda-no-jardim-campo-grande-3005371746.html
2,27,/propriedades/grande-sobrado-na-mooca-3000619951.html
2,28,/propriedades/casa-terrea-2-dormitorios-vila-leopoldina-3000953936.html
2,29,/propriedades/lindo-sobrado-proximo-a-usp-2955728407.html
2,30,/propriedades/casa-com-3-dormitorios-a-venda-262-m-por-r$-2982772316.html
3,1,/propriedades/casa-de-4-suites-decoradas-com-moveis-novos-no-morumbi-2977515315.html
3,2,/propriedades/casa-com-2-quartos-a-venda-em-jardim-catanduva-sp-2956322792.html
3,3,/propriedades/3-dorms-2-vgs-200-m-vila-fachini-sao-paulo-sp-3000507299.html
3,4,/propriedades/funcional-casa-tipo-para-venda-com-3-quartos-sendo-3-3010131000.html
3,5,/propriedades/sobrado-com-3-dormitorios-a-venda-140-m-por-r$-3009844519.html
3,6,/propriedades/sobrado-residencial-a-venda-butanta-sao-paulo-.-3002266169.html
3,7,/propriedades/casa-com-4-dormitorios-a-venda-360-m-por-r$-3002566788.html
3,8,/propriedades/terrara-casa-th-duplex-frente-88m-r$-879.000-00-2939033575.html
3,9,/propriedades/casa-a-venda-no-horto-do-ype-2999787583.html
3,10,/propriedades/sobrado-em-rua-ribeirao-claro-vila-olimpia-sao-2963017185.html
3,11,/propriedades/casa-com-4-suitess-a-venda-424-m-por-r$-13.750.000-3005685579.html
3,12,/propriedades/sobrado-com-4-dormitorios-a-venda-218-m-por-r$-2957248774.html
3,13,/propriedades/granja-julieta-casa-suntuosa-2963638712.html
3,14,/propriedades/casa-a-venda-ou-locacao-2-quartos-5-vagas-a-200-3012969551.html
3,15,/propriedades/sobrado-com-4-dormitorios-a-venda-550-m-por-r$-2950247966.html
3,16,/propriedades/sobrado-com-3-quartos-bairro-moinho-velho-sacoma-2965299094.html
3,17,/propriedades/oportunidade-unica:-sobrado-em-condominio-a-venda-no-3008752262.html
3,18,/propriedades/casa-com-3-dormitorios-a-venda-600-m-por-r$-2987318315.html
3,19,/propriedades/vila-mariana-klabin-linda-casa-em-condominio-3006643226.html
3,20,/propriedades/sobrado-amplo-na-mooca-com-207m2-terreno-5mx27m-3-3006652522.html
3,21,/propriedades/oportunidade-unica-na-zona-leste:-imovel-comercial-e-3013034865.html
3,22,/propriedades/seu-refugio-moderno-em-moema:-conforto-e-estilo-3005311303.html
3,23,/propriedades/casa-sobrado-a-venda-no-jd.-eliane:-2-suites-2-vagas-2994337554.html
3,24,/propriedades/casa-unifamiliar-a-venda-724-m-500-metros-do-2996211606.html
3,25,/propriedades/casa-com-3-quartos-1-suite-a-venda-em-ipiranga-2937447261.html
3,26,/propriedades/casa-com-3-dormitorios-a-venda-336-m-por-r$-2954159132.html
3,27,/propriedades/casa-a-venda-no-parque-ipe-3006956485.html
3,28,/propriedades/sobrado-para-venda-com-3-quartos-250m-3012927938.html
3,29,/propriedades/sobrado-para-venda-na-vila-dos-remedios-2995777691.html
3,30,/propriedades/sobrado-com-2-dormitorios-a-venda-54-m-por-r$-2996200569.html
4,1,/propriedades/casa-terrea-com-3-quartos-a-venda-em-jardim-marajoara-3011206002.html
4,2,/propriedades/sobrado-vila-dos-remedios-3002937406.html
4,3,/propriedades/jardim-hipico-cinematografico.-2994702896.html
4,4,/propriedades/sobrado-com-3-dormitorios-a-venda-238-m-por-r$-3000720527.html
4,5,/propriedades/casa-a-venda-no-morumbi-2971488642.html
4,6,/propriedades/lindo-sobrado-proximo-a-usp-2955728407.html
4,7,/propriedades/casa-em-condominio-com-3-quartos-sendo-3-suites-a-2996424479.html
4,8,/propriedades/casa-a-venda-planalto-paulista-2-dormitorios-2999305280.html
4,9,/propriedades/casa-com-2-quartos-a-venda-em-jardim-catanduva-sp-2956322792.html
4,10,/propriedades/sobrado-com-3-quartos-bairro-moinho-velho-sacoma-2965299094.html
4,11,/propriedades/sobrado-a-venda-110-m-por-r$-450.000-00-vila-2934650945.html
4,12,/propriedades/funcional-casa-tipo-para-venda-com-3-quartos-sendo-3-3010131000.html
4,13,/propriedades/casa-para-venda-no-pacaembu-4-dormitorios-1-suite-3007199547.html
4,14,/propriedades/casa-com-3-dormitorios-3-suites-483-m-venda-por-2994587821.html
4,15,/propriedades/casa-em-jardim-guedala-3010826014.html
4,16,/propriedades/sobrado-com-3-quartos-a-venda-em-conjunto-habitacional-3003581626.html
4,17,/propriedades/-casa-moderna-na-vila-guilherme!-3012683508.html
4,18,/propriedades/casa-unifamiliar-a-venda-724-m-500-metros-do-2996211606.html
4,19,/propriedades/casa-com-4-dormitorios-a-venda-360-m-por-r$-3002566788.html
4,20,/propriedades/casa-a-venda-na-vila-leopoldina-sao-paulo-sp-com-3-3001747746.html
4,21,/propriedades/incrivel-casa-de-160m-com-4-dorms-a-venda-na-vila-3007641172.html
4,22,/propriedades/casa-com-5-dormitorios-a-venda-734-m-por-r$-3005470289.html
4,23,/propriedades/casa-terrea-a-venda-em-vila-california-sp-3006550331.html
4,24,/propriedades/imperdivel-casa-de-vila-a-venda-na-mooca-sao-3013087478.html
4,25,/propriedades/casa-com-4-dormitorios-a-venda-160-m-por-r$-2960551130.html
4,26,/propriedades/casa-de-alto-padrao-a-venda-dentro-de-condominio-na-2994881537.html
4,27,/propriedades/casa-na-chacara-monte-alegre-2993548634.html
4,28,/propriedades/villaggio-analia-conhec-a-esta-linda-casa-em-3009212394.html
4,29,/propriedades/butanta-sobrado-com-3-dormitorios-a-venda-136-m-por-3011566462.html
4,30,/propriedades/linda-casa-a-venda-em-sao-paulo-alto-de-pinheiros-2990063128.html
5,1,/propriedades/casa-de-alto-padrao-a-venda-dentro-de-condominio-na-2994881537.html
5,2,/propriedades/casa-na-chacara-monte-alegre-2993548634.html
5,3,/propriedades/villaggio-analia-conhec-a-esta-linda-casa-em-3012030551.html
5,4,/propriedades/butanta-sobrado-com-3-dormitorios-a-venda-136-m-por-3011566462.html
5,5,/propriedades/linda-casa-a-venda-em-sao-paulo-alto-de-pinheiros-2990063128.html
5,6,/propriedades/3-dorms-2-vgs-200-m-vila-fachini-sao-paulo-sp-3000507299.html
5,7,/propriedades/seu-refugio-moderno-em-moema:-conforto-e-estilo-3005311303.html
5,8,/propriedades/casa-com-3-dormitorios-a-venda-336-m-por-r$-2954159132.html
5,9,/propriedades/granja-julieta-casa-suntuosa-2963638712.html
5,10,/propriedades/sobrado-com-3-quartos-a-venda-no-jardim-das-camelias-3005551726.html
5,11,/propriedades/casa-em-condominio-a-venda-no-alto-da-boa-vista-sp-4-2965747108.html
5,12,/propriedades/casa-em-condominio-a-venda-na-granja-julieta-sp-4-2949903037.html
5,13,/propriedades/casa-a-venda-casa-verde-2-quartos-110-m-sao-2981003565.html
5,14,/propriedades/casa-a-venda-tatuape-3-quartos-120-m-sao-paulo-3001351896.html
5,15,/propriedades/sensacional-casa-tipo-para-venda-com-2-quartos-165m-3013181639.html
5,16,/propriedades/condominio-fechado-na-vila-sao-francisco-2994531365.html
5,17,/propriedades/casa-em-condominio-para-venda-ou-locacao-no-jardim-2983937043.html
5,18,/propriedades/encantadora-casa-terrea-no-alto-da-boa-vista-2320mt-!-3011619965.html
5,19,/propriedades/casa-a-venda-freguesia-do-o-2-quartos-52-m-sao-3004452021.html
5,20,/propriedades/casa-a-venda-na-granja-julieta-4-quaros-4-suites-3002458452.html
5,21,/propriedades/casa-a-venda-regiao-vila-sonia-3006563284.html
5,22,/propriedades/casa-terrea-com-4-quartos-a-venda-em-interlagos-sp-3011206727.html
5,23,/propriedades/casa-a-venda-butanta-3-quartos-125-m-sao-paulo-3013528693.html
5,24,/propriedades/casa-a-venda-cambuci-2-quartos-110-m-sao-paulo-2991882854.html
5,25,/propriedades/casa-a-venda-vila-jacui-2-quartos-60-m-sao-3012632481.html
5,26,/propriedades/casa-a-venda-na-granja-julieta-4-quartos-4-suites-2999771183.html
5,27,/propriedades/casa-a-venda-vila-constanca-3-quartos-80-m-3013797547.html
5,28,/propriedades/casa-a-venda-na-aclimacao-3002162178.html
5,29,/propriedades/casa-a-venda-4-quartos-6-vagas-saude-sao-paulo-sp-2990879900.html
5,30,/propriedades/casa-de-alto-padrao-a-venda-no-alto-da-boa-vista-sao-3003312327.html
6,1,/propriedades/casa-a-venda-na-granja-julieta-2-suites-3-vagas-3013291037.html
6,2,/propriedades/casa-com-2-dormitorios-a-venda-por-r$-270.000-00-3013735268.html
6,3,/propriedades/casa-com-4-dormitorios-a-venda-100-m-por-r$-3002266061.html
6,4,/propriedades/sobrado-a-venda-vila-euthalia-sao-paulo-3009535487.html
6,5,/propriedades/casa-terrea-na-vila-romana-com-6-vagas-3000950419.html
6,6,/propriedades/casa-a-venda-santana-1-quarto-36-m-sao-paulo-2992933196.html
6,7,/propriedades/casa-a-venda-com-3-quartos-no-ipiranga-a-350-m-do-2996871319.html
6,8,/propriedades/casa-a-venda-itaquera-2-quartos-130-m-sao-3002153770.html
6,9,/propriedades/casa-com-5-quartos-a-venda-em-jardim-marajoara-sp-3011207122.html
6,10,/propriedades/casa-a-venda-na-chacara-monte-alegre-chacara-flora-2972273112.html
6,11,/propriedades/casa-com-5-quartos-a-venda-400-m-por-r$-1.750.000-3013735278.html
6,12,/propriedades/casa-com-piscina-para-venda-ao-lado-do-museu-do-2946400297.html
6,13,/propriedades/atraente-sobrado-para-venda-com-4-quartos-sendo-4-3011437314.html
6,14,/propriedades/casa-vila-mariana-3-dormitorios-piscina-2-vagas-3003526724.html
6,15,/propriedades/casa-a-venda-vila-curuca-2-quartos-70-m-sao-3004983170.html
6,16,/propriedades/casa-em-condominio-3-dormitorios-1-suite-e-3-vagas-de-3012380961.html
6,17,/propriedades/casa-no-brooklin-3013476142.html
6,18,/propriedades/casa-a-venda-jardim-marajoara-2-quartos-80-m-3009241886.html
6,19,/propriedades/casa-a-venda-no-jardim-marajoara-com-259m-5-quartos-3005033033.html
6,20,/propriedades/casa-sobrado-com-piscina-3-dormitorios-sumare-3000954947.html
6,21,/propriedades/casa-a-venda-itaquera-2-quartos-65-m-sao-paulo-3010522453.html
6,22,/propriedades/casa-de-vila-perdizes-3-dormitorios-1-vaga-3001320997.html
6,23,/propriedades/casa-em-condominio-canamari-alto-padrao-no-bairro-de-3006305752.html
6,24,/propriedades/casa-com-3-dormitorios-a-venda-78-m-por-r$-3009094168.html
6,25,/propriedades/casa-de-condominio-em-rua-pedro-alegretti-penha-de-3009160863.html
6,26,/propriedades/casa-em-condominio-regiao-vila-sonia-2999435208.html
6,27,/propriedades/casa-a-venda-chacara-santo-antonio-3-quartos-80-3013733547.html
6,28,/propriedades/casa-com-3-quartos-bairro-belenzinho-sp-leia-a-2965389519.html
6,29,/propriedades/sobrado-a-venda-cidade-patriarca-2992262719.html
6,30,/propriedades/casa-com-3-dormitorios-a-venda-180-m-por-r$-3009847672.html
7,1,/propriedades/casa-na-vila-polopoli-2-quartos-2-suites-3-banheiros-3003068703.html
7,2,/propriedades/casa-com-3-quartos-1-suite-a-venda-180-m-jardim-2999002702.html
7,3,/propriedades/casa-a-venda-bosque-da-saude-3-quartos-106-m-3003572980.html
7,4,/propriedades/casa-a-venda-morumbi-4-quartos-754-m-sao-paulo-3013282817.html
7,5,/propriedades/aconchegante-sobrado-para-venda-com-3-quartos-sendo-3-3013699249.html
7,6,/propriedades/casa-a-venda-ermelino-matarazzo-2-quartos-60-m-3002966278.html
7,7,/propriedades/casa-a-venda-agua-fria-2-quartos-143-m-sao-3010702173.html
7,8,/propriedades/casa-a-venda-ponte-rasa-2-quartos-65-m-sao-3013555788.html
7,9,/propriedades/agradavel-sobrado-para-venda-com-3-quartos-sendo-1-2999901103.html
7,10,/propriedades/casa-a-venda-tatuape-2-quartos-110-m-sao-paulo-3002716338.html
7,11,/propriedades/casa-a-venda-jardim-sao-luis-1-quarto-55-m-sao-3000728426.html
7,12,/propriedades/casa-a-venda-itaquera-2-quartos-65-m-sao-paulo-2992933264.html
7,13,/propriedades/versatil-casa-tipo-para-venda-com-2-quartos-114m-3013267014.html
7,14,/propriedades/casa-em-rua-joaquim-alves-torres-vila-nova-2993711930.html
7,15,/propriedades/casa-em-condominio-a-venda-no-jardim-prudencia-4-2938936959.html
7,16,/propriedades/sobrado-a-venda-no-bairro-da-mooca-com-3-quartos-2926836052.html
7,17,/propriedades/casa-em-condominio-jardim-victoria-regia-4-suites!-2986987983.html
7,18,/propriedades/casa-com-3-quartos-a-venda-em-jardim-monte-kemel-sp-3005090754.html
7,19,/propriedades/casa-a-venda-itaquera-3-quartos-120-m-sao-3013713582.html
7,20,/propriedades/apartamento-a-venda-em-brooklin-3-dormitorios-rua-3013636248.html
7,21,/propriedades/casa-a-venda-vila-formosa-2-quartos-100-m-sao-3000733650.html
7,22,/propriedades/casa-de-vila-pacaembu-3-dormitorios-3-vagas-3008673756.html
7,23,/propriedades/casa-a-venda-vila-leopoldina-3-quartos-92-m-3000733188.html
7,24,/propriedades/casa-a-venda-jardim-miriam-2-quartos-129-m-sao-3009530071.html
7,25,/propriedades/casa-para-venda-tucuruvi.-3003296504.html
7,26,/propriedades/casa-a-venda-vila-matilde-3-quartos-68-m-sao-3000738864.html
7,27,/propriedades/casa-a-venda-vila-santista-2-quartos-115-m-sao-3013290640.html
7,28,/propriedades/casa-a-venda-jabaquara-2-quartos-60-m-sao-3013238087.html
7,29,/propriedades/excelente-casa-residencial-e-comercial-localizada-na-3003983855.html
7,30,/propriedades/casa-a-venda-santo-amaro-2-quartos-85-m-sao-3000734455.html
8,1,/propriedades/linda-casa-terrea-3-dorm-1-suite-4-vagas-com-2937115803.html
8,2,/propriedades/casa-para-venda-tucuruvi.-3003296504.html
8,3,/propriedades/casa-sobrado-com-piscina-3-dormitorios-sumare-3000954947.html
8,4,/propriedades/casa-em-condominio-no-alto-da-boa-vista-.-conforto-e-2996201121.html
8,5,/propriedades/casa-a-venda-itaquera-2-quartos-65-m-sao-paulo-3010522453.html
8,6,/propriedades/casa-com-2-dormitorios-a-venda-80-m-jardim-rosa-2999958106.html
8,7,/propriedades/casa-no-parque-do-carmo-3013516310.html
8,8,/propriedades/casa-em-santo-amaro-3013513867.html
8,9,/propriedades/sobrado-com-4-dormitorios-a-venda-150-m-por-r$-3011565168.html
8,10,/propriedades/sobrado-a-venda-vila-euthalia-sao-paulo-3009535487.html
8,11,/propriedades/casa-a-venda-jardim-marajoara-2-quartos-80-m-3009241886.html
8,12,/propriedades/mansao-jardim-europa-3009527766.html
8,13,/propriedades/chacara-santo-antonio-condominio-residencial-de-2997418514.html
8,14,/propriedades/casa-de-altissimo-padrao-com-981m-de-area-construida-2996995521.html
8,15,/propriedades/sobrado-com-3-quartos-a-venda-no-jardim-das-camelias-3005551726.html
8,16,/propriedades/casa-a-venda-freguesia-do-o-2-quartos-115-m-2973085411.html
8,17,/propriedades/casa-a-venda-vila-aricanduva-2-quartos-100-m-2998348975.html
8,18,/propriedades/casa-a-venda-vila-campestre-2-quartos-75-m-sao-3000732247.html
8,19,/propriedades/casa-em-condominio-a-venda-no-alto-da-boa-vista-sp-4-2965747108.html
8,20,/propriedades/casa-a-venda-bela-vista-1-quarto-36-m-sao-3011536715.html
8,21,/propriedades/casa-a-venda-na-vila-santa-catarina-3005415213.html
8,22,/propriedades/casa-com-4-quartos-a-venda-em-jardim-petropolis-sp-3011206976.html
8,23,/propriedades/casa-em-condominio-a-venda-na-granja-julieta-sp-4-2949903037.html
8,24,/propriedades/casa-a-venda-vila-guilherme-2-quartos-124-m-3007987229.html
8,25,/propriedades/sobrado-com-2-quartos-a-venda-em-santo-amaro-sp-3011205623.html
8,26,/propriedades/casa-a-venda-vila-ede-2-quartos-101-m-sao-3009298563.html
8,27,/propriedades/casa-a-venda-vila-mangalot-2-quartos-83-m-sao-2979019299.html
8,28,/propriedades/casa-a-venda-tatuape-3-quartos-120-m-sao-paulo-3001351896.html
8,29,/propriedades/sensacional-casa-tipo-para-venda-com-2-quartos-165m-3013181639.html
8,30,/propriedades/condominio-fechado-na-vila-sao-francisco-2994531365.html
9,1,/propriedades/casa-a-venda-vila-gustavo-3-quartos-75-m-sao-3009071249.html
9,2,/propriedades/casa-a-venda-cidade-patriarca-2-quartos-52-m-3010552765.html
9,3,/propriedades/casa-a-venda-no-caxingui-3009936971.html
9,4,/propriedades/casa-a-venda-jardim-marajoara-3-quartos-70-m-3000730286.html
9,5,/propriedades/casa-com-3-quartos-a-venda-em-jardim-petropolis-sp-3011207236.html
9,6,/propriedades/sobrado-vila-romana-2-dormitorios-1-vaga-e-sistema-de-3004025714.html
9,7,/propriedades/casa-a-venda-sacoma-2-quartos-62-m-sao-paulo-3000729022.html
9,8,/propriedades/casa-a-venda-mooca-2-quartos-120-m-sao-paulo-3000732886.html
9,9,/propriedades/casa-a-venda-vila-maria-2-quartos-81-m-sao-3005944003.html
9,10,/propriedades/casa-a-venda-vila-gustavo-2-quartos-100-m-sao-3000732774.html
9,11,/propriedades/casa-com-terreno-amplo-de-815-metros-excelente-para-3011350829.html
9,12,/propriedades/sobrado-com-4-dormitorios-220-m-venda-por-r$-2978637843.html
9,13,/propriedades/casa-a-venda-em-perdizes-:-3-dormitorios-1-suite-2-3012511117.html
9,14,/propriedades/casa-a-venda-vila-mascote-2-quartos-120-m-sao-3001351904.html
9,15,/propriedades/sobrado-encantador-de-3-dormitorios-a-venda-na-3009083083.html
9,16,/propriedades/casa-a-venda-vila-constanca-3-quartos-100-m-3000735353.html
9,17,/propriedades/casa-a-venda-interlagos-5-quartos-980-m-sao-3010401680.html
9,18,/propriedades/casa-a-venda-vila-aricanduva-2-quartos-59-m-3000733321.html
9,19,/propriedades/sobrado-a-venda-77-m-por-r$-459.000-00-butanta-3000491813.html
9,20,/propriedades/casa-a-venda-penha-de-franca-3-quartos-88-m-2985632425.html
9,21,/propriedades/casa-residencial-a-venda-vila-carrao-sao-paulo-2943870986.html
9,22,/propriedades/casa-para-venda-com-3-quartos-56m-06-vagas-de-3013281156.html
9,23,/propriedades/casa-em-condominio-para-venda-no-jardim-guedala-04-3004219636.html
9,24,/propriedades/casa-a-venda-jardim-arize-2-quartos-80-m-sao-3004293404.html
9,25,/propriedades/casa-a-venda-city-america-4-quartos-400-m-sao-3011685283.html
9,26,/propriedades/casa-a-venda-vila-re-2-quartos-87-m-sao-paulo-3000727639.html
9,27,/propriedades/casa-a-venda-vila-jacui-2-quartos-70-m-sao-3001931205.html
9,28,/propriedades/sobrado-em-rua-ribeirao-claro-vila-olimpia-sao-2963017185.html
9,29,/propriedades/condominio-moema-sao-paulo-2964201734.html
9,30,/propriedades/casa-a-venda-freguesia-do-o-3-quartos-105-m-3000728134.html
